id,item_type,title,short_title,alternate_title,work_year,copyright_year,print_date,authors,contributors,publisher,pub_place,is_extant,is_annotated,is_translation,has_dedication,has_insertions,copy,dimensions,work_uri,subjects,languages,journal_title,collected_work_title,collected_work_uri,start_page,end_page,has_digital_edition,catalog_uri,zotero_id
https://derridas-margins.princeton.edu/titles/20/,Book,A study of glossematics,A study of glossematics,,1955,1955,,"Siertsema, Bertha",,,The Hague,False,False,False,False,False,,,,Linguistics,English;Elvish,,,,,,False,,EJA76A4B
https://derridas-margins.princeton.edu/titles/28/,Book,An essay towards a real character and a philosophical language,An essay towards a real character and a philosophical language,,1668,1668,,"Wilkins, John",,,,False,False,False,False,False,,,,,English,,,,,,False,,3AM2NAXK
https://derridas-margins.princeton.edu/titles/175/,Journal Article,Analyse et genèse : regards sur la théorie du devenir de l'entendement au XVIIIe siècle,Analyse et genèse : regards sur la théorie du devenir de l'entendement au XVIIIe siècle,,1966,1966,1966,"Mosconi, Jean",,,,True,False,False,False,False,,,,Anthropology;Philosophy,French,Cahiers pour l'analyse,,,53,88,False,https://findingaids.princeton.edu/catalog/RBD1-1_c8258,VUJI9EAP
https://derridas-margins.princeton.edu/titles/97/,Book,Anthropologie structurale,Anthropologie structurale,,1958,1958,1958,"Lévi-Strauss, Claude",,Plon,Paris,True,True,False,False,True,,,,Anthropology,French,,,,,,True,https://findingaids.princeton.edu/catalog/RBD1_c9166,MFVJJR9R
https://derridas-margins.princeton.edu/titles/176/,Book Section,Art de jouir et autres fragments,Art de jouir et autres fragments,,1959,,,"Rousseau, Jean-Jacques",,,,False,False,False,False,False,,,,Literature and Literary Criticism;Philosophy,French,,"Oeuvres complètes de J.-J. Rousseau, vol. I",https://derridas-margins.princeton.edu/titles/177/,1173,1177,False,,BJJICF5B
https://derridas-margins.princeton.edu/titles/168/,Journal Article,Au sujet des fondements de la théorie linguistique de Louis Hjelmslev,Au sujet des fondements de la théorie linguistique de Louis Hjelmslev,,1946,1946,,"Martinet, André",,,,False,False,False,False,False,,,,Linguistics,French,Bulletin de la Société de Linguistique de Paris,,,19,42,False,,77MNPUS6
https://derridas-margins.princeton.edu/titles/93/,Book,"Collected Papers of Charles Sanders Peirce, Vol. 2",Elements of Logic,,1932,1932,,"Peirce, Charles Sanders",,,,False,False,False,False,False,,,,Linguistics;Philosophy,English,,,,,,False,,FV5TB877
https://derridas-margins.princeton.edu/titles/190/,Book Section,Considérations sur le Gouvernement de Pologne,Considérations sur le Gouvernement de Pologne,,1782,,,"Rousseau, Jean-Jacques",,,,True,False,False,False,False,,,,Philosophy,French,,Du Contrat Social,https://derridas-margins.princeton.edu/titles/226/,,,False,https://findingaids.princeton.edu/catalog/RBD1_c10455,RURJHQ8C
https://derridas-margins.princeton.edu/titles/100/,Book,Cours de linguistique générale,Cours de linguistique générale,,1916,1960,1960,"Saussure, Ferdinand de",,Payot,Paris,True,True,False,False,False,,,,History and Theory of Writing;Linguistics,French,,,,,,True,https://findingaids.princeton.edu/catalog/RBD1_c9626,ZD3GHW46
https://derridas-margins.princeton.edu/titles/46/,Book,De l'origine du langage,De l'origine du langage,,1848,1958,,"Renan, Ernest",,,,False,False,False,False,False,,,,History;Linguistics,French,,,,,,False,,K9XJMGE8
https://derridas-margins.princeton.edu/titles/143/,Journal Article,De la grammatologie I,De la grammatologie I,,1965,1965,1965-12,"Derrida, Jacques",,,Paris,False,False,False,False,False,,,,Philosophy,French,Critique,,,,,False,,HJ7T9VVI
https://derridas-margins.princeton.edu/titles/59/,Book,Dictionnaire de musique,Dictionnaire de musique,,1776,1776,,"Rousseau, Jean-Jacques",,,,False,False,False,False,False,,,,Philosophy,French,,,,,,False,,QI7HZFEA
https://derridas-margins.princeton.edu/titles/113/,Book,Die Krisis der europäischen Wissenschaften und die transzendentale Phänomenologie: Eine Einleitung in die phänomenologische Philosophie,Die Krisis der europäischen Wissenschaften und die transzendentale Phänomenologie: Eine Einleitung in die phänomenologische Philosophie,,1936,1954,1954,"Husserl, Edmund",,Martinus Nijhoff,The Hague,True,True,False,False,True,,,,Philosophy,German,,,,,,True,https://findingaids.princeton.edu/catalog/RBD1_c8971,9NRPTVFE
https://derridas-margins.princeton.edu/titles/83/,Book,"Die philosophische Schriften, Band VII",Die philosophische Schriften,,1890,1890,,"Leibniz, Gottfried Wilhelm","Gerhardt, T.",,,False,False,False,False,False,,,,Philosophy,German;French;Latin,,,,,,False,,F8FKBQCE
https://derridas-margins.princeton.edu/titles/102/,Book,Difficile liberté: essais sur le judaïsme,Difficile liberté,,1963,1963,1963-02,"Levinas, Emmanuel",,Albin Michel,Paris,True,True,False,False,True,,,,Philosophy;Religion,French,,,,,,True,https://findingaids.princeton.edu/catalog/RBD1_c9412,7NW662C5
https://derridas-margins.princeton.edu/titles/103/,Book,Discours de la méthode,Discours de la méthode,,1637,1943,,"Descartes, René",,Bibliothèque de Cluny,Paris,True,True,False,False,False,,,,Philosophy,French,,,,,,True,https://findingaids.princeton.edu/catalog/RBD1_c12861,
https://derridas-margins.princeton.edu/titles/104/,Book,Discours de la méthode,Discours de la méthode,,1637,1961,1961-02-15,"Descartes, René",,Vrin,Paris,True,True,False,False,False,,,,Philosophy,French,,,,,,True,https://findingaids.princeton.edu/catalog/RBD1_c12860,IJI3667I
https://derridas-margins.princeton.edu/titles/189/,Book Section,Discours sur l'économie politique,Discours sur l'économie politique,,1755,,,"Rousseau, Jean-Jacques",,,,True,True,False,False,True,,,,Philosophy,French,,"Oeuvres complètes de J.-J. Rousseau, vol. I",https://derridas-margins.princeton.edu/titles/177/,241,280,False,https://findingaids.princeton.edu/catalog/RBD1_c10456,4SE5XKA7
https://derridas-margins.princeton.edu/titles/192/,Book Section,Discours sur l'origine et les fondements de l'inégalité parmi les hommes,Discours sur l'origine et les fondements de l'inégalité parmi les hommes,,1964,,,"Rousseau, Jean-Jacques",,,,True,True,False,False,False,,,,,,,"Oeuvres complètes de J.-J. Rousseau, vol. I",https://derridas-margins.princeton.edu/titles/177/,111,240,False,https://findingaids.princeton.edu/catalog/RBD1_c10456,IRQ5ID8P
https://derridas-margins.princeton.edu/titles/191/,Book Section,Discours sur les sciences et les arts,Discours sur les sciences et les arts,,1750,,,"Rousseau, Jean-Jacques",,,,True,True,False,False,False,,,,Literature and Literary Criticism;Philosophy,French,,"Oeuvres complètes de J.-J. Rousseau, vol. III",https://derridas-margins.princeton.edu/titles/230/,,,False,https://findingaids.princeton.edu/catalog/RBD1_c10456,FBSNJUU4
https://derridas-margins.princeton.edu/titles/193/,Book Section,Du Contrat Social,Du Contrat Social,,1762,,,"Rousseau, Jean-Jacques",,,,True,True,False,False,False,,,,Philosophy,French,,"Oeuvres complètes de J.-J. Rousseau, vol. III",https://derridas-margins.princeton.edu/titles/230/,281,472,False,,QXVXNVM3
https://derridas-margins.princeton.edu/titles/226/,Book Section,Du Contrat Social,Du Contrat Social,,1762,1954,,"Rousseau, Jean-Jacques",,,,False,False,False,False,False,,,,Philosophy,French,,"Du Contrat social ou Principes du droit politique. Discours sur les sciences et les arts 3 Discours sur l'origine de l'inégalité parmi les hommes / Lettre à M. D'Alembert / Considérations sur le gouvernement de Pologne / Lettre à Monseigneur de Beaumont,",https://derridas-margins.princeton.edu/titles/206/,,,False,,4P4U3A4U
https://derridas-margins.princeton.edu/titles/105/,Book,Éléments de linguistique générale,Éléments de linguistique générale,,1960,1960,,"Martinet, André",,Armand Colin,Paris,True,False,False,False,False,,,,Linguistics,French,,,,,,True,https://findingaids.princeton.edu/catalog/RBD1_c9306,8DVZX6VH
https://derridas-margins.princeton.edu/titles/184/,Book Section,Éloge de la main,Éloge de la main,,1934,1934,,"Focillon, Henri",,Presses universitaires de France,Paris,True,False,False,False,False,,,,Art History,French,,Vie des Formes,https://derridas-margins.princeton.edu/titles/185/,97,121,False,https://findingaids.princeton.edu/catalog/RBD1-1_c16342,NHJG9PAG
https://derridas-margins.princeton.edu/titles/65/,Book,"Emile et Sophie, ou les Solitaires",Les Solitaires,,1781,1781,,"Rousseau, Jean-Jacques",,,,False,False,False,False,False,,,,Literature and Literary Criticism;Philosophy,French,,,,,,False,,UJQXDTUA
https://derridas-margins.princeton.edu/titles/86/,Book,Émile ou de l'éducation,Émile ou de l'éducation,,1762,1762,,"Rousseau, Jean-Jacques",,,,False,False,False,False,False,,,,Philosophy,French,,,,,,False,,5SGNS55N
https://derridas-margins.princeton.edu/titles/88/,Book,Émile ou de l'éducation,Émile ou de l'éducation,,1762,1966,,"Rousseau, Jean-Jacques",,Garnier Flammarion,,True,False,False,False,False,,,,Philosophy,French,,,,,,True,https://findingaids.princeton.edu/catalog/RBD1_c10457,4HTQGFN6
https://derridas-margins.princeton.edu/titles/70/,Book,Encyclopédie,Encyclopédie,,1751,1751,,"Diderot, Denis",,,,False,False,False,True,False,,,,History;History and Theory of Writing;Philosophy;Reference,French,,,,,,False,https://findingaids.princeton.edu/catalog/RBD1-1_c5008,UR2TDFDB
https://derridas-margins.princeton.edu/titles/108/,Book,Encyclopédie,Encyclopédie,,1966,1966,,Novalis,"de Gandillac, Maurice",Editions de Minuit,Paris,True,True,True,True,False,,,,Literature and Literary Criticism,German;French,,,,,,True,https://findingaids.princeton.edu/catalog/RBD1_c9805,QATS7HGF
https://derridas-margins.princeton.edu/titles/106/,Book,Entretiens avec Claude Lévi-Strauss,Entretiens avec Claude Lévi-Strauss,,1961,1961,1960-12-24,"Charbonnier, Georges",,Plon / Julliard,Paris,True,True,False,False,True,,,,Anthropology,French,,,,,,True,https://findingaids.princeton.edu/catalog/RBD1_c9168,Q25Q2SQR
https://derridas-margins.princeton.edu/titles/21/,Journal Article,Esquisse d'une signe dans la glossématique et dans l'esthétique,Esquisse d'une signe dans la glossématique et dans l'esthétique,,1949,1949,,"Stender-Petersen, Adolf",,,,False,False,False,False,False,,,,Linguistics,French,Travaux du Cercle linguistique de Copenhague vol. V,,,,,False,,3PEKU88A
https://derridas-margins.princeton.edu/titles/62/,Book,Essai sur l'origine des connaissances humaines,Essai sur l'origine des connaissances humaines,,1746,1746,,"Condillac, Étienne Bonnot de",,,,False,False,False,False,False,,,,Philosophy,French,,,,,,False,,2IMFH5PG
https://derridas-margins.princeton.edu/titles/60/,Book,Essai sur l'origine des langues,Essai sur l'origine des langues,,1781,1817,,"Rousseau, Jean-Jacques",,Belin/Ducros,,True,True,False,False,False,,,,History and Theory of Writing;Linguistics;Philosophy,French,,,,,,False,,
https://derridas-margins.princeton.edu/titles/64/,Book,Essai sur le principe générateur des constitutions politiques et des autres institutions,Essai sur le principe générateur des constitutions politiques et des autres institutions,,1809,1809,,"Maistre, Joseph de",,,,False,False,False,False,False,,,,Philosophy,French,,,,,,False,,PHENXF5A
https://derridas-margins.princeton.edu/titles/54/,Book Section,Essai sur les événements importants dont les femmes ont été la cause secrète,Essai sur les événements importants dont les femmes ont été la cause secrète,,1745,,,"Rousseau, Jean-Jacques",,,,False,False,False,False,False,,,,Philosophy,French,,"Oeuvres complètes de J.-J. Rousseau, vol. II",https://derridas-margins.princeton.edu/titles/158/,,,False,,GK8QPH4Q
https://derridas-margins.princeton.edu/titles/81/,Book,Essais,Essais,,1580,,,"Montaigne, Michel de",,,,True,True,False,False,True,,,,Literature and Literary Criticism;Philosophy,French,,,,,,True,https://findingaids.princeton.edu/catalog/RBD1-1_c7822,8JIFV46Q
https://derridas-margins.princeton.edu/titles/74/,Book,Essais de psychanalyse,Essais de psychanalyse,,1967,1967,,"Klein, Melanie",,,,False,False,False,False,False,,,,Psychoanalysis,French,,,,,,False,,N5SUGV9A
https://derridas-margins.princeton.edu/titles/204/,Book,Essais de psychanalyse appliquée,Essais de psychanalyse appliquée,,1933,,,"Freud, Sigmund",,,,False,False,False,False,False,,,,,French,,,,,,False,,
https://derridas-margins.princeton.edu/titles/17/,Book,Essais linguistiques,Essais linguistiques,,1959,1959,,"Hjelmslev, Louis Trolle",,,,False,False,False,False,False,,,,Linguistics,French;Danish,,,,,,False,,9NXHTGPE
https://derridas-margins.princeton.edu/titles/186/,Journal Article,Etude sur Jean-Jacques Rousseau,Etude sur Jean-Jacques Rousseau,,1927,1927,,"Laforgue, René",,,,True,False,False,False,False,,,,Literature and Literary Criticism;Philosophy;Psychoanalysis,French,Revue Française de Psychanalyse,,,370,402,False,http://gallica.bnf.fr/ark:/12148/bpt6k54443574.image.f163.langFR,56AKWEHW
https://derridas-margins.princeton.edu/titles/18/,Book,Études de linguistique structurale organisées au sein du Cercle linguistique de Copenhague,Études de linguistique structurale organisées au sein du Cercle linguistique de Copenhague,,1935,1935,,"Hjelmslev, Louis Trolle;Uldall, Hans Jørgen",,,,False,False,False,False,False,,,,Linguistics,French,,,,,,False,,G5MV8UU8
https://derridas-margins.princeton.edu/titles/67/,Book,Examen de deux principes avancés par M. Rameau,Examen de deux principes avancés par M. Rameau,,1755,1755,,"Rousseau, Jean-Jacques",,,,False,False,False,False,False,,,,Philosophy,French,,,,,,False,,BW6G44U6
https://derridas-margins.princeton.edu/titles/87/,Book,Fragment d'un Essai sur les langues,Fragment d'un Essai sur les langues,,1861,1861,,"Rousseau, Jean-Jacques",,,,False,False,False,False,False,,,,Linguistics;Philosophy,French,,,,,,False,,EGNEN4ZK
https://derridas-margins.princeton.edu/titles/187/,Book Section,Fragments Politiques,Fragments Politiques,,1964,,,"Rousseau, Jean-Jacques",,,,True,True,False,False,False,,,,Philosophy,French,,"Oeuvres complètes de J.-J. Rousseau, vol. I",https://derridas-margins.princeton.edu/titles/177/,471,560,False,https://findingaids.princeton.edu/catalog/RBD1_c10456,GPDII6NB
https://derridas-margins.princeton.edu/titles/150/,Book Section,Glossematics,Glossematics,,1963,1963,,"Spang-Hanssen, Hennings",,,,False,False,False,False,False,,,,Linguistics,English,,"Trends in European and American linguistics, 1930-1960",https://derridas-margins.princeton.edu/titles/151/,,,False,,TMH7CK3B
https://derridas-margins.princeton.edu/titles/66/,Book,"Grammaire générale et raisonnée de Port-Royal par Arnaud et Lancelot ; Précédée d'un Essai sur l'origine et les progrès de la Langue française, par M. Petitot ; suivie du Commentaire de M. Duclos","Grammaire générale et raisonnée de Port-Royal par Arnaud et Lancelot ; Précédée d'un Essai sur l'origine et les progrès de la Langue française, par M. Petitot ; suivie du Commentaire de M. Duclos",,1660,1803,,"Arnauld, Antoine;Duclos, Charles Pinot;Lancelot, Claude;Petitot, Claude-Bernard",,Perlet,,False,False,False,False,False,,,,Linguistics,French,,,,,,False,,USZJ7STR
https://derridas-margins.princeton.edu/titles/14/,Book,Grundzüge der Phonologie,Principes de phonologie,,1939,,,"Troubetzkoy, Nikolai",,,,False,False,True,False,False,,,,Linguistics,German;French,,,,,,False,,2C5QF7DJ
https://derridas-margins.princeton.edu/titles/228/,Book,Histoire de l'écriture,Histoire de l'écriture,,1948,1948,,"Février, James",,Payot,Paris,False,False,False,False,False,,,,History and Theory of Writing,French,,,,,,False,,TQ5EZ7UB
https://derridas-margins.princeton.edu/titles/69/,Book,Histoire de l'écriture dans l'antiquité,Histoire de l'écriture dans l'antiquité,,1892,1892,,"Berger, Peter",,,,False,False,False,False,False,,,,History and Theory of Writing,French,,,,,,False,,MXN3EJF6
https://derridas-margins.princeton.edu/titles/29/,Book,Histoire de la langue universelle,Histoire de la langue universelle,,1903,1903,,"Couturat, Louis;Léau, Léopold",,,,False,False,False,False,False,,,,Linguistics,French,,,,,,False,,UTBBF2VP
https://derridas-margins.princeton.edu/titles/7/,Book,Il Saggiatore,Il Saggiatore,,1623,1623,,"Galilei, Galileo",,,,False,False,False,False,False,,,,Philosophy,Italian,,,,,,False,,AX8T2HQA
https://derridas-margins.princeton.edu/titles/1/,Book,Iliad,Iliad,,-760,,,Homer,,,,False,False,False,False,False,,,,Literature and Literary Criticism,Ancient Greek,,,,,,False,,5CB9Z3DS
https://derridas-margins.princeton.edu/titles/224/,Book Section,Introduction à l'œuvre de Marcel Mauss,Introduction à l'œuvre de Marcel Mauss,,1950,1950,,"Lévi-Strauss, Claude",,,,True,True,False,False,True,,,,Anthropology,French,,Sociologie et anthropologie,https://derridas-margins.princeton.edu/titles/225/,I,LII,False,https://findingaids.princeton.edu/catalog/RBD1_c8933,Q2EF2MSI
https://derridas-margins.princeton.edu/titles/43/,Book,"Jean-Jacques Rousseau, fondateur des sciences de l'homme","Jean-Jacques Rousseau, fondateur des sciences de l'homme",,1962,1962,,"Lévi-Strauss, Claude",,Baconnière,Neuchâtel,False,False,False,False,False,,,,Anthropology,French,,,,,,False,,5JJFGFIC
https://derridas-margins.princeton.edu/titles/52/,Book,Jean-Jacques Rousseau: Moralist,Jean-Jacques Rousseau: Moralist,,1934,1934,,"Hendel, Charles William",,,,False,False,False,False,False,,,,Philosophy,English,,,,,,False,,ICWFFGS9
https://derridas-margins.princeton.edu/titles/73/,Book,Karl Jaspers et la philosophie de l'existence,Karl Japsers et la philosophie de l'existence,,1947,1947,,"Dufrenne, Mikel;Ricoeur, Paul",,,,False,False,False,False,False,,,,Philosophy,French,,,,,,False,,IE8AQ6IE
https://derridas-margins.princeton.edu/titles/238/,Book Section,"L'Asie Mineure. Les Hittites, peuple à double écriture","L'Asie Mineure. Les Hittites, peuple à double écriture",,1963,,,"Laroche, Emmanuel",,,,False,False,False,False,False,,,,History and Theory of Writing,French,,L'Ecriture et la psychologie des peuples: actes de colloque,https://derridas-margins.princeton.edu/titles/2/,103,116,False,,
https://derridas-margins.princeton.edu/titles/235/,Book Section,L'écriture cunéiforme et la civilisation mésopotamienne,L'écriture cunéiforme et la civilisation mésopotamienne,,1963,,,"Labat, René",,,,False,False,False,False,False,,,,History and Theory of Writing,French,,L'Ecriture et la psychologie des peuples: actes de colloque,https://derridas-margins.princeton.edu/titles/2/,73,92,False,,RTWDU7XJ
https://derridas-margins.princeton.edu/titles/37/,Book,L'écriture de l'enfant,L'écriture de l'enfant,,1964,1964,,"Ajuriaguerra, Julián de;Coumes, F.;Denner, Anne;Lavonde-Monod, Vivette;Perron, Roger;Stambak, Mira",,,,False,False,False,False,False,,,,History and Theory of Writing;Psychoanalysis,French,,,,,,False,,RMB9TKDN
https://derridas-margins.princeton.edu/titles/11/,Book,L'écriture et la différence,L'écriture et la différence,,1967,1967,,"Derrida, Jacques",,Seuil,Paris,True,True,False,False,True,,,,Philosophy;Psychoanalysis,French,,,,,,True,https://findingaids.princeton.edu/catalog/RBD1-1_c7224,MEFAAS8Z
https://derridas-margins.princeton.edu/titles/2/,Book,L'Ecriture et la psychologie des peuples: actes de colloque,L'Ecriture et la psychologie des peuples: actes de colloque,,1963,1963,1963-07,,,Armand Colin,Paris,True,True,False,False,True,,,,Anthropology;History and Theory of Writing;Psychoanalysis,French,,,,,,True,https://findingaids.princeton.edu/catalog/RBD1-1_c13577,IRMDFHXN
https://derridas-margins.princeton.edu/titles/239/,Book Section,L'écriture et le droit,L'écriture et le droit,,1963,,,"Lévy-Bruhl, Henri",,,,False,False,False,False,False,,,,History and Theory of Writing,French,,L'Ecriture et la psychologie des peuples: actes de colloque,https://derridas-margins.princeton.edu/titles/2/,325,334,False,,AJC6E23F
https://derridas-margins.princeton.edu/titles/202/,Book Section,L'Etat de guerre,L'Etat de guerre,,1918,,,"Rousseau, Jean-Jacques",,,,False,False,False,False,False,,,,Philosophy,French,,"Oeuvres complètes de J.-J. Rousseau, vol. III",https://derridas-margins.princeton.edu/titles/230/,601,616,False,,ENIQAZQA
https://derridas-margins.princeton.edu/titles/162/,Journal Article,L'unité de la pensée de Jean-Jacques Rousseau,L'unité de la pensée de Jean-Jacques Rousseau,,1912,1912,,"Lanson, Gustave",,,,False,False,False,False,False,,,,Literature and Literary Criticism;Philosophy,French,Annales Jean-Jacques Rousseau,,,1,32,False,,M6K9N8NW
https://derridas-margins.princeton.edu/titles/122/,Book,L'Œil vivant,L'Œil vivant,,1961,1961,1961,"Starobinski, Jean",,Gallimard,Paris,True,True,False,False,False,,,,Literature and Literary Criticism,French,,,,,,True,https://findingaids.princeton.edu/catalog/RBD1_c10447,32FFR4F9
https://derridas-margins.princeton.edu/titles/26/,Book,La Chine et la formation de l'esprit philosphique en France (1640-1740),La Chine et la formation de l'esprit philosphique en France,,1932,1932,,"Pinot, Virgile",,,,False,False,False,False,False,,,,Philosophy,French,,,,,,False,,HTC6APQH
https://derridas-margins.princeton.edu/titles/233/,Book Section,La Chine. Aspects et fonctions de l'écriture,La Chine. Aspects et fonctions de l'écriture,,1963,,,"Gernet, Jacques",,,,False,False,False,False,False,,,,History and Theory of Writing,French,,L'Ecriture et la psychologie des peuples: actes de colloque,https://derridas-margins.princeton.edu/titles/2/,29,50,False,,8798H6BF
https://derridas-margins.princeton.edu/titles/240/,Book Section,La civilisation égéenne. Les écritures crétoises et mycéniennes,La civilisation égéenne. Les écritures crétoises et mycéniennes,,1963,,,"Masson, Olivier",,,,False,False,False,False,False,,,,History and Theory of Writing,French,,L'Ecriture et la psychologie des peuples: actes de colloque,https://derridas-margins.princeton.edu/titles/2/,93,102,False,,3PPNACAB
https://derridas-margins.princeton.edu/titles/23/,Book,La linguistique synchronique: Études et Recherches,La linguistique synchronique: Études et Recherches,,1965,1965,1965,"Martinet, André",,Presses universitaires de France,Paris,True,True,False,False,True,,,,Linguistics,French,,,,,,True,https://findingaids.princeton.edu/catalog/RBD1_c9661,8ZF8MPTV
https://derridas-margins.princeton.edu/titles/114/,Book,La littérature européenne et le Moyen Âge latin,La littérature européenne et le Moyen Âge latin,,1956,1956,1991-06,"Curtius, Ernst Robert",,Presses universitaires de France,Paris,True,True,False,False,False,,,,Literature and Literary Criticism,French,,,,,,True,https://findingaids.princeton.edu/catalog/RBD1-1_c13673,BH2W28EG
https://derridas-margins.princeton.edu/titles/36/,Book,La main et l'esprit,La main et l'esprit,,1963,1963,,"Brun, Jean",,,,False,False,False,False,False,,,,History and Theory of Writing;Philosophy,French,,,,,,False,,EUXZR3NF
https://derridas-margins.princeton.edu/titles/167/,Journal Article,La notion de signe dans la glossématique et dans l'esthétique,La notion de signe dans la glossématique et dans l'esthétique,,1949,1949,,"Johanson, Stevan",,,,False,False,False,False,False,,,,Linguistics,French,Travaux du Cercle linguistique de Copenhague vol. V,,,,,False,,UNV6VPSK
https://derridas-margins.princeton.edu/titles/68/,Book Section,La Nouvelle Heloïse,La Nouvelle Heloïse,,1761,,,"Rousseau, Jean-Jacques",,,,False,False,False,False,False,,,,Literature and Literary Criticism,French,,"Oeuvres complètes de J.-J. Rousseau, vol. II",https://derridas-margins.princeton.edu/titles/158/,,,False,,G9DUK859
https://derridas-margins.princeton.edu/titles/8/,Book,La palingénésie philosophique,La palingénésie philosophique,,1769,,,"Bonnet, Charles",,,,False,False,False,False,False,,,,History,French,,,,,,False,,W7QTX2AE
https://derridas-margins.princeton.edu/titles/38/,Book,La pensée chinoise,La pensée chinoise,,1934,1950,,"Granet, Marcel",,,,False,False,False,False,False,,,,Anthropology,French,,,,,,False,,AJ6WMTRD
https://derridas-margins.princeton.edu/titles/117/,Book,La pensée sauvage,La pensée sauvage,,1962,1962,1962-05,"Lévi-Strauss, Claude",,Plon,Paris,True,True,False,False,True,,,,Anthropology,French,,,,,,True,https://findingaids.princeton.edu/catalog/RBD1_c9167,8HSKSQB5
https://derridas-margins.princeton.edu/titles/142/,Journal Article,La réforme de l'écriture chinoise,La réforme de l'écriture chinoise,,1958,1958,1958-06,"Wou, Yu-Tchang",,,,True,False,False,False,False,,,,History and Theory of Writing,French;Chinese,Recherches internationales à la lumière du marxisme,,,,,False,,D55UEAFN
https://derridas-margins.princeton.edu/titles/78/,Book,La religion égyptienne,La religion égyptienne,,1949,1949,,"Vandier, Jacques",,,,False,False,False,False,False,,,,Religion,French,,,,,,False,,WRJH2XTQ
https://derridas-margins.princeton.edu/titles/147/,Book Section,La stratification du langage,La stratification du langage,,1954,1959,,"Hjelmslev, Louis Trolle",,,,False,False,False,False,False,,,,Linguistics,French,,Essais linguistiques,https://derridas-margins.princeton.edu/titles/17/,,,False,,2PSEGJN5
https://derridas-margins.princeton.edu/titles/9/,Book,La symbolique du rêve/ Die Symbolik des Traumes,La symbolique du rêve/ Die Symbolik des Traumes,,,1815,,"von Schubert, Gotthilf Heinrich",,,,False,False,True,False,False,,,,,French,,,,,,False,,GT7HSHI5
https://derridas-margins.princeton.edu/titles/201/,Journal Article,La trace de l'autre,La trace de l'autre,,1963,1963,1963-09,"Levinas, Emmanuel",,,,True,False,False,True,False,,,,Philosophy,French,Tijdschrift voor filosofie,,,605,623,False,https://findingaids.princeton.edu/catalog/RBD1-1_c3860,3BM3Q9RQ
https://derridas-margins.princeton.edu/titles/47/,Book,La Transparence et l'obstacle,La Transparence et l'Obstacle,,1957,1957,,"Starobinski, Jean",,,,False,False,False,False,False,,,,Literature and Literary Criticism,French,,,,,,False,,49CGBD4A
https://derridas-margins.princeton.edu/titles/57/,Book,La vie et les œuvres de Jean-Jacques Rousseau,La vie et les œuvres de Jean-Jacques Rousseau,,1891,1891,,"Beaudouin, Henri",,,Paris,False,False,False,False,False,,,,Literature and Literary Criticism,French,,,,,,False,,MS6TKZEC
https://derridas-margins.princeton.edu/titles/45/,Book,La vie familiale et sociale des Indiens Nambikwara,La vie familiale et sociale des Indiens Nambikwara,,1948,1948,,"Lévi-Strauss, Claude",,,,False,False,False,False,False,,,,Anthropology,French,,,,,,False,,23PEP8XW
https://derridas-margins.princeton.edu/titles/10/,Book,La voix et le phénomène,La voix et le phénomène,,1967,1967,,"Derrida, Jacques",,PUF,,False,False,False,False,False,,,,Philosophy,French,,,,,,False,,CM2U8JWK
https://derridas-margins.princeton.edu/titles/227/,Journal Article,Langue et écriture,Langue et écriture,,1958,,,"Istrin, V. M.",,,,False,False,False,False,False,,,,Linguistics,French,Recherches internationales à la lumière du marxisme,,,,,False,,Q2X7RR2W
https://derridas-margins.princeton.edu/titles/164/,Book Section,Langue et parole,Langue et parole,,1943,,,"Hjelmslev, Louis Trolle",,,,False,False,False,False,False,,,,Linguistics,French,,Essais linguistiques,https://derridas-margins.princeton.edu/titles/17/,,,False,,TA6JZD45
https://derridas-margins.princeton.edu/titles/56/,Journal Article,Le 'système' de Jean-Jacques Rousseau,Le 'système' de Jean-Jacques Rousseau,,1895,1895,1895,"Espinas, Alfred",,,,False,False,False,False,False,,,,Philosophy,French,Revue de l'enseignement supérieur,,,,,False,,SEN553PD
https://derridas-margins.princeton.edu/titles/213/,Book,Le Banquet / Phèdre,Le Banquet / Phèdre,,1964,1964,,Plato,,Flammarion,Paris,False,True,False,False,True,,,,,,,,,,,False,https://findingaids.princeton.edu/catalog/RBD1_c10116,MUNK6AXD
https://derridas-margins.princeton.edu/titles/40/,Book,Le cru et le cuit,Le cru et le cuit,,1964,1964,,"Lévi-Strauss, Claude",,,,False,False,False,False,False,,,,Anthropology,French,,,,,,False,,BAXRSCK8
https://derridas-margins.princeton.edu/titles/4/,Book,Le débat sur les écritures et l'hiéroglyphe aux XVIIe et XVIIIe siècles,Le débat sur les écritures et l'hiéroglyphe aux XVIIe et XVIIIe siècles,,1965,1965,,"V.-David, Madeleine",,,,False,False,False,False,False,,,,History and Theory of Writing,French,,,,,,False,,RJK5PSGW
https://derridas-margins.princeton.edu/titles/72/,Book,Le discours et le symbole,Le discours et le symbole,,1962,1962,,"Ortigues, Edmond",,,,False,False,False,False,False,,,,Linguistics;Philosophy,French,,,,,,False,,9UW2829I
https://derridas-margins.princeton.edu/titles/5/,Book,Le geste et la parole,Le geste et la parole,,1965,1965,,"Leroi-Gourhan, André",,,,False,False,False,False,False,,,,Anthropology,French,,,,,,False,,4USAVA4D
https://derridas-margins.princeton.edu/titles/166/,Journal Article,Le Mot,Le Mot,,1965,1965,,"Martinet, André",,,,False,False,False,False,False,,,,Linguistics,French,Diogène,,,39,53,False,,9MD7IRUQ
https://derridas-margins.princeton.edu/titles/160/,Book,Le Petit,Le Petit,,1943,1943,,"Bataille, Georges",,,,False,False,False,False,False,,,,Literature and Literary Criticism,French,,,,,,False,,V2VDAIF8
https://derridas-margins.princeton.edu/titles/6/,Book,Le problème de l'être chez Aristote,Le problème de l'être chez Aristote,,1962,,,"Aubenque, Pierre",,,,False,False,False,False,False,,,,Philosophy,French,,,,,,False,,SBH83CGH
https://derridas-margins.princeton.edu/titles/120/,Book,Le Rationalisme de J.-J. Rousseau,Le Rationalisme de J.-J. Rousseau,,1948,1948,1948,"Derathé, Robert",,Presses universitaires de France,Paris,True,True,False,False,True,,,,Philosophy,French,,,,,,True,https://findingaids.princeton.edu/catalog/RBD1_c10452,T2IBD7XU
https://derridas-margins.princeton.edu/titles/3/,Book,Le Robert,Le Robert,,1967,1967,,"Robert, Paul",,,,False,False,False,False,False,,,,Reference,French,,,,,,False,,
https://derridas-margins.princeton.edu/titles/41/,Book,Le totémisme aujourd'hui,Le totémisme aujourd'hui,,1962,1962,,"Lévi-Strauss, Claude",,PUF,Paris,False,False,False,False,False,,,,Anthropology,French,,,,,,False,,E9NNX9TQ
https://derridas-margins.princeton.edu/titles/42/,Book,"Leçon inaugurale: faite le mardi 5 janvier 1960, Collège de France, Chaire d'anthropologie sociale",Leçon inaugurale,,1960,1960,,"Lévi-Strauss, Claude",,,,False,False,False,False,False,,,,Anthropology,French,,,,,,False,,C2SKXRS6
https://derridas-margins.princeton.edu/titles/32/,Book,Leibniz,Leibniz,,1909,1909,,"Baruzi, Jean",,,,False,False,False,False,False,,,,Philosophy,French,,,,,,False,,NTQ8V8QE
https://derridas-margins.princeton.edu/titles/118/,Book,Leibniz critique de Descartes,Leibniz critique de Descartes,,1960,1960,1960-03-09,"Belaval, Yvon",,Gallimard,Paris,True,True,False,False,False,,,,Philosophy,French,,,,,,True,https://findingaids.princeton.edu/catalog/RBD1_c9159,VGH2KA4I
https://derridas-margins.princeton.edu/titles/31/,Book,Leibniz und China,Leibniz und China,,1952,1952,,"Merkel, Rudolf Franz",,,,False,False,False,False,False,,,,Philosophy,German,,,,,,False,,324DIVUI
https://derridas-margins.princeton.edu/titles/210/,Journal Article,Les anagrammes de Ferdinand de Saussure,Les anagrammes de Ferdinand de Saussure,,1964,1964,1964-02,"Starobinski, Jean",,,,True,True,False,False,False,,,,History and Theory of Writing;Linguistics,French,Mercure de France,,,,,True,https://findingaids.princeton.edu/catalog/RBD1-1_c15323,J73JXNI9
https://derridas-margins.princeton.edu/titles/188/,Book Section,Les Confessions,Confessions,,1789,,,"Rousseau, Jean-Jacques",,,,True,True,False,False,False,,,,Literature and Literary Criticism;Philosophy,French,,"Oeuvres complètes de J.-J. Rousseau, vol. I",https://derridas-margins.princeton.edu/titles/177/,1,656,False,https://findingaids.princeton.edu/catalog/RBD1_c10433,6PSF8J4H
https://derridas-margins.princeton.edu/titles/121/,Book,Les dieux et le destin en Babylonie,Les dieux et le destin en Babylonie,,1949,1949,,"V.-David, Madeleine",,Presses universitaires de France,Paris,True,True,False,False,True,,,,History and Theory of Writing,French,,,,,,True,https://findingaids.princeton.edu/catalog/RBD1-1_c13635,4S52AFNU
https://derridas-margins.princeton.edu/titles/237/,Book Section,Les écritures indiennes. Le monde indien et son système graphique.,Les écritures indiennes. Le monde indien et son système graphique.,,1963,,,"Filliozat, Jean",,,,False,False,False,False,False,,,,History and Theory of Writing,French,,L'Ecriture et la psychologie des peuples: actes de colloque,https://derridas-margins.princeton.edu/titles/2/,147,166,False,,
https://derridas-margins.princeton.edu/titles/234/,Book Section,Les hiéroglyphes. L'évolution des écritures égyptiennes,Les hiéroglyphes. L'évolution des écritures égyptiennes,,1963,1963,,"Sainte Fare Garnot, Jean",,,,True,True,False,False,False,,,,History and Theory of Writing,French,,L'Ecriture et la psychologie des peuples: actes de colloque,https://derridas-margins.princeton.edu/titles/2/,51,72,False,,6JB6XPVQ
https://derridas-margins.princeton.edu/titles/232/,Book Section,Les Primitifs. Signaux et symboles,Les Primitifs. Signaux et symboles,,1963,,,"Métraux, Alfred",,,,False,False,False,False,False,,,,History and Theory of Writing,French,,L'Ecriture et la psychologie des peuples: actes de colloque,https://derridas-margins.princeton.edu/titles/2/,9,28,False,,63RKGT3M
https://derridas-margins.princeton.edu/titles/16/,Book,Les principes de grammaire générale,Les principes de grammaire générale,,1928,1928,,"Hjelmslev, Louis Trolle",,,,False,False,False,False,False,,,,,French,,,,,,False,,BPI5FPGS
https://derridas-margins.princeton.edu/titles/236/,Book Section,Les Sémites et l'alphabet. Écritures concrètes et écritures abstraites,Les Sémites et l'alphabet. Écritures concrètes et écritures abstraites,,1963,,,"Février, James",,,,False,False,False,False,False,,,,History,French,,L'Ecriture et la psychologie des peuples: actes de colloque,https://derridas-margins.princeton.edu/titles/2/,131,146,False,,
https://derridas-margins.princeton.edu/titles/24/,Book,Les sources manuscrites du cours de linguistique générale de Ferdinand de Saussure,Les sources manuscrites du cours de linguistique générale de Ferdinand de Saussure,,1957,1957,,"Godel, Robert",,,,False,False,False,False,False,,,,Linguistics,French,,,,,,False,,TEKB6RQ6
https://derridas-margins.princeton.edu/titles/39/,Book,Les structures élémentaires de la parenté,Les structures élémentaires de la parenté,,1949,1949,,"Lévi-Strauss, Claude",,,,False,False,False,False,False,,,,Anthropology,French,,,,,,False,,584Q4NW4
https://derridas-margins.princeton.edu/titles/76/,Book,Lettre,Lettre,,,,,"Laporte, Roger",,,,False,False,False,False,False,,,,Literature and Literary Criticism,French,,,,,,False,,PU6M7I25
https://derridas-margins.princeton.edu/titles/205/,Book Section,Lettre à Christophe de Beaumont,Lettre à Christophe de Beaumont,,1762,,,"Rousseau, Jean-Jacques",,,,True,False,False,False,False,,,,Philosophy,French,,"Du Contrat social ou Principes du droit politique. Discours sur les sciences et les arts 3 Discours sur l'origine de l'inégalité parmi les hommes / Lettre à M. D'Alembert / Considérations sur le gouvernement de Pologne / Lettre à Monseigneur de Beaumont,",https://derridas-margins.princeton.edu/titles/206/,,,False,https://findingaids.princeton.edu/catalog/RBD1_c10455,2NPN749H
https://derridas-margins.princeton.edu/titles/79/,Book,Lettre à la princesse Élisabeth,Lettre à la princesse Élisabeth,,1678,1678,,"Leibniz, Gottfried Wilhelm",,,,False,False,False,False,False,,,,Philosophy,French,,,,,,False,,9ETJCUVN
https://derridas-margins.princeton.edu/titles/207/,Book Section,Lettre à M. D'Alembert sur les spectacles,Lettre à M. D'Alembert,,1758,,,"Rousseau, Jean-Jacques",,,,True,True,False,False,False,,,,Literature and Literary Criticism;Philosophy,French,,"Du Contrat social ou Principes du droit politique. Discours sur les sciences et les arts 3 Discours sur l'origine de l'inégalité parmi les hommes / Lettre à M. D'Alembert / Considérations sur le gouvernement de Pologne / Lettre à Monseigneur de Beaumont,",https://derridas-margins.princeton.edu/titles/206/,123,234,False,https://findingaids.princeton.edu/catalog/RBD1_c10455,G988VNE7
https://derridas-margins.princeton.edu/titles/155/,Book,Lettre à M. de Saint-Germain,Lettre à M. de Saint-Germain du 26 février 1770,,1770,,,"Rousseau, Jean-Jacques",,,,False,False,False,False,False,,,,Philosophy,French,,,,,,False,,S7CXDQW6
https://derridas-margins.princeton.edu/titles/159/,Book,Lettre à M. Le Noir,Lettre à M. Le Noir du 15 janvier 1772,,1772,,,"Rousseau, Jean-Jacques",,,,False,False,False,False,False,,,,Philosophy,French,,,,,,False,,DW9GU6KI
https://derridas-margins.princeton.edu/titles/208/,Book Section,"Lettre à Mersenne, 20 novembre 1629","Lettre à Mersenne, 20 novembre 1629",,1629,1963,,"Descartes, René",,Garnier,Paris,True,True,False,False,False,,,,Philosophy,French,,Oeuvres philosophiques de René Descartes. Tome I (1618-1637),https://derridas-margins.princeton.edu/titles/209/,,,False,https://findingaids.princeton.edu/catalog/RBD1_c12869,
https://derridas-margins.princeton.edu/titles/80/,Book,Lettre à père Bouvet,Lettre à père Bouvet,,1703,1703,,"Leibniz, Gottfried Wilhelm",,,,False,False,False,False,False,,,,History and Theory of Writing;Philosophy,,,,,,,False,,Z222Q4BA
https://derridas-margins.princeton.edu/titles/169/,Book,Lettre à Vernes,Lettre à Vernes,,1761,,,"Rousseau, Jean-Jacques",,,,False,False,False,False,False,,,,Philosophy,French,,,,,,False,,GRR8P5PN
https://derridas-margins.princeton.edu/titles/153/,Book,Lettre au prince de Würtemberg,Lettre au prince de Würtemberg du 10 novembre 1663,,1663,,,"Rousseau, Jean-Jacques",,,,False,False,False,False,False,,,,Philosophy,French,,,,,,False,,SHNJPTAZ
https://derridas-margins.princeton.edu/titles/75/,Book,"Metaphysische Anfangsgründe der Tugendlehre (in, Die Metaphysik der Sitten)","Metaphysische Anfangsgründe der Tugendlehre (in, Die Metaphysik der Sitten)",,1797,1797,,"Kant, Immanuel",,,,False,False,False,False,False,,,,Philosophy,German,,,,,,False,,C4H2VIP6
https://derridas-margins.princeton.edu/titles/211/,Book Section,Mon portrait,Mon portrait,,1762,,,"Rousseau, Jean-Jacques",,,,True,False,False,False,False,,,,Philosophy,French,,"Oeuvres complètes de J.-J. Rousseau, vol. I",https://derridas-margins.princeton.edu/titles/177/,1120,1129,False,https://findingaids.princeton.edu/catalog/RBD1_c10433,3F2TKZ6Q
https://derridas-margins.princeton.edu/titles/156/,Journal Article,Nature et histoire dans la pensée de Jean-Jacques Rousseau,Nature et histoire dans la pensée de Jean-Jacques Rousseau,,1955,1953,,"Gouhier, Henri",,,,False,False,False,False,False,,,,Philosophy,French,Annales Jean-Jacques Rousseau,,,,,False,,BDCIHCHC
https://derridas-margins.princeton.edu/titles/91/,Book,Nouveaux essais sur l'entendement humain,Nouveaux essais sur l'entendement humain,,1765,1961,1961,"Leibniz, Gottfried Wilhelm",,Presses universitaires de France,Paris,True,True,False,False,False,,,,Philosophy,French,,,,,,True,https://findingaids.princeton.edu/catalog/RBD1_c9157,DC5MPWXP
https://derridas-margins.princeton.edu/titles/124/,Book,Oeuvres complètes,Oeuvres complètes de Karl Abraham,,1966,1966,,"Abraham, Karl","Barande, Ilse",Payot,Paris,True,True,True,False,True,,,,Psychoanalysis,French,,,,,,True,https://findingaids.princeton.edu/catalog/RBD1_c9354,N3B4I5GM
https://derridas-margins.princeton.edu/titles/158/,Book,"Oeuvres Complètes, tome II","Oeuvres complètes de J.-J. Rousseau, vol. II",,1961,1961,,"Rousseau, Jean-Jacques",,,,False,False,False,False,False,,,,,,,,,,,False,,TFPPEH7X
https://derridas-margins.princeton.edu/titles/77/,Book,Omkring sprogteoriens grundlæggelse,Omkring sprogteoriens grundlæggelse,,,,,"Hjelmslev, Louis Trolle",,,,False,False,False,False,False,,,,Linguistics,Danish,,,,,,False,,ESJJUK86
https://derridas-margins.princeton.edu/titles/165/,Journal Article,On the Principles of Phonematics,On the Principles of Phonematics,,1935,1935,,"Hjelmslev, Louis Trolle",,,,False,False,False,False,False,,,,Linguistics,English,Proceedings of the second international congress of phonetic sciences,,,49,54,False,,BEUMI864
https://derridas-margins.princeton.edu/titles/94/,Book,Opuscules et fragments inédits de Leibniz,Opuscules et fragments inédits de Leibniz,,1903,1903,,"Leibniz, Gottfried Wilhelm","Couturat, Louis",,,False,False,False,False,False,,,,Philosophy,French;Latin,,,,,,False,,XFRXWRUI
https://derridas-margins.princeton.edu/titles/125/,Book,"Organon: Catégories, De L'interprétation","Organon: Catégories, De L'interprétation",,1959,1959,,Aristotle,,Vrin,Paris,True,True,True,False,True,,,,,French,,,,,,True,https://findingaids.princeton.edu/catalog/RBD1_c8361,2XRBJEKR
https://derridas-margins.princeton.edu/titles/22/,Book,"Ousia et Grammè, note sur une note de Sein und Zeit","Ousia et Grammè, note sur une note de Sein und Zeit",,1968,1968,,"Derrida, Jacques",,,,False,False,False,False,False,,,,Philosophy,French,,,,,,False,,UTW2R6CV
https://derridas-margins.princeton.edu/titles/126/,Book,Pensée formelle et sciences de l'homme,Pensée formelle et sciences de l'homme,,1960,1960,1960-10-10,"Granger, Gilles-Gaston",,Aubier,Paris,True,True,False,False,True,,,,Philosophy,French,,,,,,True,https://findingaids.princeton.edu/catalog/RBD1-1_c13608,TW9N3IN9
https://derridas-margins.princeton.edu/titles/212/,Book Section,Phaedrus,Phaedrus,,-370,1964,,Plato,,,,True,False,False,False,False,,,,Philosophy,Ancient Greek,,Le Banquet / Phèdre,https://derridas-margins.princeton.edu/titles/213/,,,True,https://findingaids.princeton.edu/catalog/RBD1_c10116,KBM4NNHP
https://derridas-margins.princeton.edu/titles/231/,Book,Phénoménologie de la perception,Phénoménologie de la perception,,,,,Merleau-Ponty,,,,False,False,False,False,False,,,,,French,,,,,,False,,5IGUJ3PS
https://derridas-margins.princeton.edu/titles/129/,Book,Philosophie der Symbolischen Formen,Philosophie der Symbolischen Formen,,1923,1953,,"Cassirer, Ernst","Manheim, Ralph",Yale University Press,New Haven,True,False,False,False,True,,,,Philosophy,German;English,,,,,,True,https://findingaids.princeton.edu/catalog/RBD1_c12840,AJBXS27H
https://derridas-margins.princeton.edu/titles/27/,Book,Polygraphia nova et universalis ex combinatoria arte detecta,Polygraphia nova et universalis ex combinatoria arte detecta,,1663,1663,,"Kircher, Athanasius",,,,False,False,False,False,False,,,,History and Theory of Writing,Latin,,,,,,False,,XTWTKJQM
https://derridas-margins.princeton.edu/titles/216/,Book Section,Principles of Phenomenology,Principles of Phenomenology,,1940,1955,,"Peirce, Charles Sanders",,,,True,True,False,False,True,,,,Linguistics;Philosophy,English,,The Philosophical Writings of Peirce,https://derridas-margins.princeton.edu/titles/217/,74,97,False,https://findingaids.princeton.edu/catalog/RBD1_c9670,5M4QVNF8
https://derridas-margins.princeton.edu/titles/85/,Book,Prodromus Coptus sive Aegyptiacus,Prodromus Coptus sive Aegyptiacus,,1636,1636,,"Kircher, Athanasius",,,,False,False,False,False,False,,,,History and Theory of Writing,Latin,,,,,,False,,WQKFKKC7
https://derridas-margins.princeton.edu/titles/130/,Book,Profession de foi du vicaire Savoyard,Profession de foi du vicaire Savoyard,,1762,1964,1964-08-20,"Rousseau, Jean-Jacques",,Pauvert,Paris,True,True,False,False,True,,,,Philosophy;Religion,French,,,,,,True,https://findingaids.princeton.edu/catalog/RBD1_c9815,RHQZBB89
https://derridas-margins.princeton.edu/titles/111/,Book,Profession de foi du vicaire Savoyard,Profession de foi du vicaire Savoyard,,1762,1966,,"Rousseau, Jean-Jacques",,,,False,False,False,False,False,,,,Philosophy;Religion,French,,,,,,False,,
https://derridas-margins.princeton.edu/titles/218/,Book Section,Projet de Constitution pour la Corse,Projet de Constitution pour la Corse,,1763,,,"Rousseau, Jean-Jacques",,,,True,True,False,False,True,,,,Philosophy,French,,"Oeuvres complètes de J.-J. Rousseau, vol. III",https://derridas-margins.princeton.edu/titles/230/,901,952,False,https://findingaids.princeton.edu/catalog/RBD1_c10456,QW29KZ5R
https://derridas-margins.princeton.edu/titles/157/,Book Section,Prononciation,Prononciation,,1761,,,"Rousseau, Jean-Jacques",,,,False,False,False,False,False,,,,,,,"Oeuvres complètes de J.-J. Rousseau, vol. II",https://derridas-margins.princeton.edu/titles/158/,,,False,,FPAPDSBB
https://derridas-margins.princeton.edu/titles/48/,Book,Psychopathologie de l'échec,Psychopathologie de l'échec,,1941,1944,,"Laforgue, René",,,,False,False,False,False,False,,,,Psychoanalysis,French,,,,,,False,,MBGR2ZA2
https://derridas-margins.princeton.edu/titles/163/,Journal Article,Questions de chronologie rousseauiste,Questions de chronologie rousseauiste,,1913,1913,,"Masson, Pierre-Maurice",,,,False,False,False,False,False,,,,Literature and Literary Criticism,French,Annales de la société Jean-Jacques Rousseau,,,37,61,False,,K8PVZWKN
https://derridas-margins.princeton.edu/titles/44/,Book,Race et histoire,Race et histoire,,1952,1952,,"Lévi-Strauss, Claude",,,,False,False,False,False,False,,,,Anthropology,French,,,,,,False,,BHSUZBKB
https://derridas-margins.princeton.edu/titles/149/,Book,Recherches Structurales,Recherches Structurales,,1949,1949,,"Fischer-Jørgensen, Eli",,,,False,False,False,False,False,,,,Linguistics,French,,,,,,False,,87ZA8VDH
https://derridas-margins.princeton.edu/titles/49/,Book,Réflexions critiques sur la poésie et sur la peinture,Réflexions critiques sur la poésie et sur la peinture,,1719,1719,,"Dubos, Jean-Baptiste (Abbé)",,,,False,False,False,False,False,,,,Literature and Literary Criticism;Philosophy,French,,,,,,False,,UVQX6F7B
https://derridas-margins.princeton.edu/titles/33/,Book,"Réflexions sur les principes généraux de l'art d'écrire, et en particulier sur les fondements de l'écriture chinoise","Réflexions sur les principes généraux de l'art d'écrire, et en particulier sur les fondements de l'écriture chinoise",,1718,1718,,"Fréret, Nicolas",,,,False,False,False,False,False,,,,History and Theory of Writing,French,,,,,,False,,
https://derridas-margins.princeton.edu/titles/133/,Book,Regulae ad directionem ingenii,Regulae ad directionem ingenii,,1701,1959,,"Descartes, René",,Vrin,Paris,False,True,False,False,False,,,,Philosophy,Latin,,,,,,True,https://findingaids.princeton.edu/catalog/RBD1_c12859,EKXUGKM6
https://derridas-margins.princeton.edu/titles/148/,Book Section,Remarques sur les principes de l'analyse phonémique,Remarques sur les principes de l'analyse phonémique,,1949,1949,,"Fischer-Jørgensen, Eli",,,,False,False,False,False,False,,,,Linguistics,French,,Recherches Structurales,https://derridas-margins.princeton.edu/titles/149/,,,False,,HGUSCV85
https://derridas-margins.princeton.edu/titles/152/,Journal Article,Réponses à quelques questions,Réponses à quelques questions,,1963,1963,1963-11-01,"Lévi-Strauss, Claude",,,,False,False,False,False,False,,,,Anthropology,French,Esprit,,,628,653,False,,CT2X2CJ3
https://derridas-margins.princeton.edu/titles/219/,Book Section,Rêveries du promeneur solitaire,Rêveries du promeneur solitaire,,1782,,,"Rousseau, Jean-Jacques",,,,True,True,False,False,True,,,,Literature and Literary Criticism;Philosophy,French,,"Oeuvres complètes de J.-J. Rousseau, vol. I",https://derridas-margins.princeton.edu/titles/177/,993,1100,False,https://findingaids.princeton.edu/catalog/RBD1_c10433,VA8ZKWUG
https://derridas-margins.princeton.edu/titles/220/,Journal Article,Rhétorique de l'image,Rhétorique de l'image,,1964,1964,,"Barthes, Roland",,,,True,True,False,False,False,,,,Philosophy,French,Communications,,,40,51,True,https://findingaids.princeton.edu/catalog/RBD1-1_c478,AJCKPTHI
https://derridas-margins.princeton.edu/titles/50/,Book,Rousseau et la science politique de son temps,Rousseau et la science politique de son temps,,1950,1950,,"Derathé, Robert",,,,False,False,False,False,False,,,,Philosophy,French,,,,,,False,,TGW52GDH
https://derridas-margins.princeton.edu/titles/222/,Book Section,Scienza Nuova,Scienza Nuova,,1725,,,"Vico, Giambattista",,,,True,True,False,False,False,,,,Philosophy,Italian,,Oeuvres choisies de Vico,https://derridas-margins.princeton.edu/titles/195/,,,False,https://findingaids.princeton.edu/catalog/RBD1_c10922,NBIM4GMB
https://derridas-margins.princeton.edu/titles/141/,Book,Sein und Zeit,Sein und Zeit,,1927,1963,1963,"Heidegger, Martin",,Max Niemeyer Verlag,Tübingen,True,True,False,False,True,,,,Philosophy,German,,,,,,True,https://findingaids.princeton.edu/catalog/RBD1_c13201,24QWU4EI
https://derridas-margins.princeton.edu/titles/225/,Book,Sociologie et anthropologie,Sociologie et anthropologie,,1950,1950,1950-05-23,"Lévi-Strauss, Claude;Mauss, Marcel",,Presses universitaires de France,Paris,True,True,False,False,False,,,,Anthropology,French,,,,,,True,https://findingaids.princeton.edu/catalog/RBD1_c8933,PR9342Z8
https://derridas-margins.princeton.edu/titles/145/,Book,Speech and Writing,Speech and Writing,,1938,1938,,"Uldall, Hans Jørgen",,,,False,False,False,False,False,,,,History and Theory of Writing;Linguistics,English,,,,,,False,,XAIDG7HK
https://derridas-margins.princeton.edu/titles/217/,Book,The Philosophical Writings of Peirce,The Philosophical Writings of Peirce,,1940,1955,,"Peirce, Charles Sanders",,Dover,New York,True,True,False,False,True,,,,Linguistics;Philosophy,English,,,,,,True,https://findingaids.princeton.edu/catalog/RBD1_c9670,QQUPBSKG
https://derridas-margins.princeton.edu/titles/51/,Book,The Political Writings of Jean-Jacques Rousseau,The Political Writings of Jean-Jacques Rousseau,,1915,1915,,"Rousseau, Jean-Jacques","Vaughan, Charles Edwyn",,,False,False,False,False,False,,,,Philosophy,French;English,,,,,,False,,INHGCSHC
https://derridas-margins.princeton.edu/titles/25/,Book,Traicté des Chiffres ou Secrètes Manières d'Escrire,Traicté des Chiffres ou Secrètes Manières d'Escrire,,1586,1586,,"de Vigenère, Blaise",,,,False,False,False,False,False,,,,Reference,French,,,,,,False,,CFDI9C3C
https://derridas-margins.princeton.edu/titles/63/,Book,Traité des systèmes,Traité des systèmes,,1749,1749,,"Condillac, Étienne Bonnot de",,,,False,False,False,False,False,,,,Philosophy,French,,,,,,False,,TQRNIPUA
https://derridas-margins.princeton.edu/titles/151/,Book,"Trends in European and American linguistics, 1930-1960","Trends in European and American linguistics, 1930-1960",,1963,,,"Mohrmann, Christine;Sommerfelt, Alf;Whatmough, Joshua",,,,False,False,False,False,False,,,,,,,,,,,False,,
https://derridas-margins.princeton.edu/titles/134/,Book,Tristes Tropiques,Tristes Tropiques,,1955,1955,1962-05-15,"Lévi-Strauss, Claude",,Plon,Paris,True,True,False,False,True,,,,Anthropology,French,,,,,,True,https://findingaids.princeton.edu/catalog/RBD1_c9179,E37R7G9K
https://derridas-margins.princeton.edu/titles/135/,Book,Un Coup de dés jamais n'abolira le hasard,Un Coup de dés jamais n'abolira le hasard,,1897,1952,,"Mallarmé, Stephane",,Gallimard,Paris,True,False,False,False,False,,,,Literature and Literary Criticism,French,,,,,,True,https://findingaids.princeton.edu/catalog/RBD1-1_c18716,K8SZVDKE
https://derridas-margins.princeton.edu/titles/136/,Book,Unterwegs zur Sprache,Unterwegs zur Sprache,,1959,1959,,"Heidegger, Martin",,Verlag Günther Neske,Pfullingen,True,True,False,False,True,,,,Philosophy,German,,,,,,True,https://findingaids.princeton.edu/catalog/RBD1_c13228,ABSRVB5B
https://derridas-margins.princeton.edu/titles/137/,Book,Vers la pensée planétaire,Vers la pensée planétaire,,1964,1964,,"Axelos, Kostas",,Editions de Minuit,France,True,False,False,True,True,,,,Philosophy,French,,,,,,True,https://findingaids.princeton.edu/catalog/RBD1-1_c284,6ZNI5S6E
https://derridas-margins.princeton.edu/titles/185/,Book,Vie des Formes,Vie des Formes,,1934,1934,1947,"Focillon, Henri",,,,True,False,False,False,False,,,,Art History,French,,,,,,True,,8KRH8234
https://derridas-margins.princeton.edu/titles/138/,Book,Vom Wesen des Grundes,Vom Wesen des Grundes,,1929,1955,1955,"Heidegger, Martin",,Vittorio Klostermann Verlag,Frankfurt,True,True,False,False,False,,,,Philosophy,German,,,,,,True,https://findingaids.princeton.edu/catalog/RBD1_c10310,IWAJBMIK
https://derridas-margins.princeton.edu/titles/139/,Book,Was ist Metaphysik,Was ist Metaphysik,,1929,1951,1951,"Heidegger, Martin",,Vittorio Klostermann Verlag,Frankfurt,True,True,False,False,False,,,,Philosophy,German,,,,,,True,https://findingaids.princeton.edu/catalog/RBD1_c10312,9CSUPIZ2
https://derridas-margins.princeton.edu/titles/19/,Book,Zum Problem der geschriebenen Sprache,Zum Problem der geschriebenen Sprache,,1939,1939,,"Vachek, Joseph",,,,False,False,False,False,False,,,,Linguistics,German,,,,,,False,,INUSSPJ4
https://derridas-margins.princeton.edu/titles/140/,Book,Zur Seinsfrage,Zur Seinsfrage,,1955,1959,1959,"Heidegger, Martin",,Vittorio Klostermann Verlag,Frankfurt,True,True,False,False,True,,,,Philosophy,German,,,,,,True,https://findingaids.princeton.edu/catalog/RBD1_c10311,GE242DCK
https://derridas-margins.princeton.edu/titles/195/,Book,Œuvres choisies,Oeuvres choisies de Vico,,1946,1946,1946,"Vico, Giambattista","Chaix-Ruy, Jules",Presses universitaires de France,Paris,True,True,True,False,True,,,,Philosophy,French,,,,,,True,https://findingaids.princeton.edu/catalog/RBD1_c10922,8SH7RDE4
https://derridas-margins.princeton.edu/titles/177/,Book,"Œuvres complètes, tome I","Oeuvres complètes de J.-J. Rousseau, vol. I",,1959,1959,1964,"Rousseau, Jean-Jacques",,Gallimard,Paris,True,False,False,False,False,,,,Literature and Literary Criticism;Philosophy,French,,,,,,True,,TAEEXVT2
https://derridas-margins.princeton.edu/titles/230/,Book,"Œuvres complètes, tome III","Oeuvres complètes de J.-J. Rousseau, vol. III",,1964,1964,1964-03-23,"Rousseau, Jean-Jacques",,Gallimard,Paris,True,True,False,False,True,,,,Philosophy,French,,,,,,True,https://findingaids.princeton.edu/catalog/RBD1_c10456,9WSCPQ5T
https://derridas-margins.princeton.edu/titles/199/,Book,"Œuvres complètes, vol. VI",Oeuvres complètes de Franz Kafka,,1964,1964,1964-07-31,"Kafka, Franz",,Cercle du livre précieux,Paris,True,True,True,False,True,,,,Literature and Literary Criticism,French,,,,,,True,https://findingaids.princeton.edu/catalog/RBD1-1_c13697,RSQMV9ZX
https://derridas-margins.princeton.edu/titles/144/,Journal Article,Quest for the Essence of Language,Quest for the Essence of Language,À la recherche de l'essence du langage,1965,,,"Jakobson, Roman",,,,False,False,False,False,False,,,,Linguistics,English,Diogène,,,,,False,,AMFIBRJC
https://derridas-margins.princeton.edu/titles/98/,Book,A Study of Writing: A Discussion of the general principles governing the use and evolution of writing,A Study of Writing,"A study of writing the foundations of grammatology, 1952",1952,1963,1963,"Gelb, Ignace J.",,The University of Chicago Press,Chicago,True,True,False,False,False,,,https://findingaids.princeton.edu/collections/RBD1/c9643,,English,,,,,,True,https://findingaids.princeton.edu/catalog/RBD1_c9643,RMZTT9V8
https://derridas-margins.princeton.edu/titles/30/,Book,Ars signorum,Ars signorum,"Ars signorum, vulgo character universalis et lingua philosophica",1661,1661,,"Dalgarno, George",,,,False,False,False,False,False,,,,Linguistics,Latin,,,,,,False,,CV7IV2TV
https://derridas-margins.princeton.edu/titles/99/,Book,Sein und Zeit,Sein und Zeit,Being and Time,1927,1962,1962,"Heidegger, Martin","Macquarrie, John;Robinson, Edward",SCM Press,London,True,True,True,False,True,,,,Philosophy,German;English,,,,,,True,https://findingaids.princeton.edu/catalog/RBD1_c13199,S2CZKU65
https://derridas-margins.princeton.edu/titles/182/,Book,Cratylus,Cratylus,Cratyle,-380,1936,,Plato,,Garnier,,True,True,False,False,True,,,,Philosophy,French;Ancient Greek,,,,,,True,https://findingaids.princeton.edu/catalog/RBD1_c10089,I9ZZQTUF
https://derridas-margins.princeton.edu/titles/89/,Book,Cratylus,Cratylus,Cratyle,-380,1950,,Plato,,Les Belles Lettres,Paris,True,True,False,False,True,,,,Philosophy,French;Ancient Greek,,,,,,False,https://findingaids.princeton.edu/catalog/RBD1_c10095,3BA862JU
https://derridas-margins.princeton.edu/titles/221/,Book Section,Rousseau juge de Jean-Jacques. Dialogues.,Rousseau juge de Jean-Jacques. Dialogues.,Dialogues,1776,,,"Rousseau, Jean-Jacques","Gagnebin, Bernard;Raymond, Marcel",,,True,False,False,False,False,,,,Philosophy,French,,"Oeuvres complètes de J.-J. Rousseau, vol. I",https://derridas-margins.princeton.edu/titles/177/,,,False,,ZSDFIICA
https://derridas-margins.princeton.edu/titles/101/,Book,Dialogues Concerning Natural Religion,Dialogues Concerning Natural Religion,Dialogues sur la religion naturelle,1779,1964,1964-09-10,"Hume, David","David, Maxime",Pauvert,,True,True,True,False,True,,,,Philosophy,French;English,,,,,,True,https://findingaids.princeton.edu/catalog/RBD1_c13389,MW6SA25U
https://derridas-margins.princeton.edu/titles/181/,Book,Dictionnaire de la langue française (Littré),Dictionnaire Littré,Dictionnaire de la langue française. Tome 4,1863,1960,,"Littré, Émile",,,,True,True,False,False,False,,,,Reference,French,,,,,,True,https://findingaids.princeton.edu/catalog/RBD1_c10322,34GS8VPX
https://derridas-margins.princeton.edu/titles/206/,Book,"Du Contrat social : ou Principes du droit politique. Discours sur les sciences et les arts 3 Discours sur l'origine de l'inégalité parmi les hommes / Lettre à M. D'Alembert / Considérations sur le gouvernement de Pologne / Lettre à Monseigneur de Beaumont, Archevêque de Paris",Du Contrat social ou Principes du droit politique (and other works),"Du Contrat social ou Principes du droit politique. Discours sur les sciences et les arts 3 Discours sur l'origine de l'inégalité parmi les hommes / Lettre à M. D'Alembert / Considérations sur le gouvernement de Pologne / Lettre à Monseigneur de Beaumont,",1954,1954,1954-11-20,"Rousseau, Jean-Jacques",,Garnier,Paris,True,True,False,False,True,,,,Philosophy,French,,,,,,True,https://findingaids.princeton.edu/catalog/RBD1_c10455,DDK6BGIP
https://derridas-margins.princeton.edu/titles/53/,Book,Einführung in ein künftiges Denken: Über Marx und Heidegger,Einführung in ein künftiges Denken: Über Marx und Heidegger,Einführung in ein künftiges Denken,1966,1966,,"Axelos, Kostas",,Max Niemeyer Verlag,Tübingen,False,False,False,False,False,,,,Philosophy,German;French,,,,,,False,,6C4S84Q7
https://derridas-margins.princeton.edu/titles/109/,Book,Enzyklopädie der philosophischen Wissenschaften im Grundrisse,Enzyklopädie der philosophischen Wissenschaften im Grundrisse,Encyclopédie,1817,1952,1952,"Hegel, Georg Wilhelm Friedrich","Gibelin, Jean",Vrin,Paris,True,True,True,False,True,,,,Philosophy,German;French,,,,,,True,https://findingaids.princeton.edu/catalog/RBD1_c13076,C7MI2R84
https://derridas-margins.princeton.edu/titles/107/,Book,Fundamentals of Language,Fundamentals of Language,Essais de linguistique générale,1956,1963,1963-05-08,"Jakobson, Roman","Ruwet, Nicolas",Les Editions de Minuit,Paris,True,True,True,False,True,,,,Linguistics,French;English,,,,,,True,https://findingaids.princeton.edu/catalog/RBD1_c9654,DCUIC95H
https://derridas-margins.princeton.edu/titles/203/,Book Section,Das Motiv der Kästchenwahl,Das Motiv der Kästchenwahl,Essais de psychanalyse appliquée,1913,1933,1971-05-10,"Freud, Sigmund",,Gallimard,Paris,True,True,True,False,False,,,,Literature and Literary Criticism;Psychoanalysis,German,,Essais de psychanalyse appliquée,https://derridas-margins.princeton.edu/titles/204/,,,True,https://findingaids.princeton.edu/catalog/RBD1_c9882,
https://derridas-margins.princeton.edu/titles/197/,Book,Vorträge und Aufsätze,Vorträge und Aufsätze,Essais et conférences,1954,1958,,"Heidegger, Martin",,Gallimard,Paris,True,True,True,False,True,,,,Philosophy,French,,,,,,True,https://findingaids.princeton.edu/catalog/RBD1_c13186,34I2HQ7D
https://derridas-margins.princeton.edu/titles/110/,Book,Vorlesungen über die Ästhetik,Vorlesungen über die Ästhetik,"Esthétique, III, I.",1835,1944,1944,"Hegel, Georg Wilhelm Friedrich",,Aubier Montaigne,Paris,True,True,True,False,True,,,,Philosophy,German;French,,,,,,True,https://findingaids.princeton.edu/catalog/RBD1_c13073,E5RWFDDR
https://derridas-margins.princeton.edu/titles/112/,Book,Ideen zu einer reinen Phänomenologie und phänomenologischen Philosophie. Erstes Buch: Allgemeine Einführung in die reine Phänomenologie,Ideen zu einer reinen Phänomenologie und phänomenologischen Philosophie. Erstes Buch: Allgemeine Einführung in die reine Phänomenologie,Idées I,1913,1950,1950,"Husserl, Edmund",,Gallimard,Paris,True,True,True,False,False,,,,Philosophy,German;French,,,,,,True,https://findingaids.princeton.edu/catalog/RBD1,CBWCSUA5
https://derridas-margins.princeton.edu/titles/115/,Book,Einführung in die Metaphysic,Einführung in die Metaphysic,Introduction à la métaphysique,1953,1958,1958,"Heidegger, Martin","Kahn, Gilbert",Presses universitaires de France,Paris,True,True,True,True,True,,,,Philosophy,German;French,,,,,,True,https://findingaids.princeton.edu/catalog/RBD1_c13182,Q3PIT8QN
https://derridas-margins.princeton.edu/titles/198/,Book Section,"Tagebücher von Kafka, 1910-1923","Tagebücher von Kafka, 1910-1923",Journal,1949,,,"Kafka, Franz","Robert, Marthe",,,True,True,True,False,True,,,,Literature and Literary Criticism,German;French,,Oeuvres complètes de Franz Kafka,https://derridas-margins.princeton.edu/titles/199/,1,442,False,https://findingaids.princeton.edu/catalog/RBD1-1_c13697,XHRKK6EN
https://derridas-margins.princeton.edu/titles/170/,Journal Article,The Chinese Written Character as a Medium for Poetry,The Chinese Written Character as a Medium for Poetry,L'Écriture chinoise considérée comme art poétique,1918,1937,1937-10,"Fenollosa, Ernest Fransisco","Camille, Georgette",,,False,False,True,False,False,,,,History and Theory of Writing;Literature and Literary Criticism,French;English,"Mesures, n°4",,,115,140,False,,XJPU8XK9
https://derridas-margins.princeton.edu/titles/229/,Book,Die Traumdeutung,Die Traumdeutung,L'interprétation du rêve,1900,,,"Freud, Sigmund",,,,False,False,False,False,False,,,,Psychoanalysis,German,,,,,,False,,
https://derridas-margins.princeton.edu/titles/95/,Book,Der Ursprung der Geometrie als intentional-historisches Problem,Der Ursprung der Geometrie als intentional-historisches Problem,L'origine de la géométrie,1939,1962,,"Husserl, Edmund","Derrida, Jacques",,,False,True,False,False,True,A,,,Linguistics,German;French,,,,,,False,https://findingaids.princeton.edu/catalog/RBD1-1_c8171,PDGG3SKE
https://derridas-margins.princeton.edu/titles/96/,Book,Der Ursprung der Geometrie als intentional-historisches Problem,Der Ursprung der Geometrie als intentional-historisches Problem,L'origine de la géométrie,1939,1962,1962,"Husserl, Edmund","Derrida, Jacques",Presses universitaires de France,Paris,True,True,True,False,True,B,,,Linguistics,German;French,,,,,,True,https://findingaids.princeton.edu/catalog/RBD1-1_c8171,FMRDBT5A
https://derridas-margins.princeton.edu/titles/196/,Book Section,Das Ding,Das Ding,La chose,1954,,,"Heidegger, Martin",,,,True,True,True,False,True,,,,Philosophy,German,,Essais et conférences,https://derridas-margins.princeton.edu/titles/197/,194,223,False,https://findingaids.princeton.edu/catalog/RBD1_c13186,RDRBZHW9
https://derridas-margins.princeton.edu/titles/92/,Book,La grande invention de l'écriture et son évolution,La grande invention de l'écriture,La grande invention de l'écriture,1958,1958,,"Cohen, Marcel",,,,False,False,False,False,False,,,,History and Theory of Writing,French,,,,,,False,,WEGMXUNM
https://derridas-margins.princeton.edu/titles/90/,Book,Monadologie,Monadologie,La Monadologie,1714,1956,,"Leibniz, Gottfried Wilhelm",,Librairie Delagrave,Paris,True,True,False,False,False,,,,Philosophy,French,,,,,,True,https://findingaids.princeton.edu/catalog/RBD1_c9155,HSSU8QZ5
https://derridas-margins.princeton.edu/titles/116/,Book,Die Geburt der Tragödie aus dem Geiste der Musik,Birth of Tragedy,La Naissance de la tragédie,1872,1949,1962-10-04,"Nietzsche, Friedrich","Bianquis, Geneviève",Gallimard,Paris,True,True,True,False,True,,,,Philosophy,German;French,,,,,,True,https://findingaids.princeton.edu/catalog/RBD1_c9758,EQJG2AUV
https://derridas-margins.princeton.edu/titles/127/,Book,Phänomenologie des Geistes,Phänomenologie des Geistes,La Phénoménologie de l'esprit,1807,1947,1947-02-28,"Hegel, Georg Wilhelm Friedrich","Hyppolite, Jean",Aubier,Paris,True,True,True,False,True,,,,Philosophy,German;French,,,,,,True,https://findingaids.princeton.edu/catalog/RBD1_c13063,HKCB85UU
https://derridas-margins.princeton.edu/titles/200/,Book,The Republic,The Republic,La République,-381,1956,1956,Plato,Emile Chambry,Les Belles Lettres,Paris,True,True,False,False,False,,,,Philosophy,French;Ancient Greek,,,,,,True,https://findingaids.princeton.edu/catalog/RBD1_c10088,DWP55DFQ
https://derridas-margins.princeton.edu/titles/55/,Journal Article,Le « Contrat social » de Rousseau,Le « Contrat social » de Rousseau,"Le Contrat social, histoire du livre",1918,1918,1918-01,"Durkheim, Émile",,,,False,False,False,False,False,,,,Philosophy,French,Revue de Métaphysique et de Morale,,,,,False,,I883VJK2
https://derridas-margins.princeton.edu/titles/35/,Book,Abhandlung Zeichen und Wunder. Die Entzifferung alter Schriften und Sprachen,Abhandlung Zeichen und Wunder. Die Entzifferung alter Schriften und Sprachen,Le déchiffrement des écritures,1957,1959,,"Doblhofer, Ernst",,,,False,False,True,False,False,,,,History and Theory of Writing,German;French,,,,,,False,,MXAECCF5
https://derridas-margins.princeton.edu/titles/119/,Book,Spiel als Weltsymbol,Spiel als Weltsymbol,Le jeu comme symbole du monde,1960,1960,,"Fink, Eugen","Hildenbrand, Hans;Lindenberg, Alex",Editions de Minuit,Paris,True,True,True,False,True,,,,Philosophy,German;French,,,,,,True,https://findingaids.princeton.edu/catalog/RBD1_c12909,92JUKD23
https://derridas-margins.princeton.edu/titles/15/,Book,Der Satz vom Grund,Der Satz vom Grund,Le Principe de raison,1957,1962,,"Heidegger, Martin",,,,False,False,True,False,False,,,,Philosophy,German;French,,,,,,False,,9W4JQ9PH
https://derridas-margins.princeton.edu/titles/71/,Book,Vorlesungen über die Philosophie der Religion,Vorlesungen über die Philosophie der Religion,Leçons sur la philosophie de la religion,1832,1832,,"Hegel, Georg Wilhelm Friedrich","Gibelin, Jean",,,False,False,False,False,False,,,,Philosophy,German;French,,,,,,False,,R2AND4IE
https://derridas-margins.princeton.edu/titles/123/,Book,Formale und transzendentale Logik. Versuch einer Kritik der logischen Vernunft,Formale und transzendentale Logik. Versuch einer Kritik der logischen Vernunft,Logique formelle et logique transcendantale,1929,1957,1957,"Husserl, Edmund","Bachelard, Suzanne",Presses universitaires de France,Paris,True,True,True,False,True,A,,,Philosophy,German;French,,,,,,True,https://findingaids.princeton.edu/catalog/RBD1_c8950,G9QKCISJ
https://derridas-margins.princeton.edu/titles/209/,Book,"Oeuvres philosophiques (1618-1637), Tome I",Oeuvres philosophiques de René Descartes,Oeuvres philosophiques de René Descartes. Tome I (1618-1637),1963,,,"Descartes, René",,,,True,True,False,False,False,,,,Philosophy,French,,,,,,True,,
https://derridas-margins.princeton.edu/titles/214/,Book,Phaedrus,Phaedrus,Phèdre,-370,1938,1945-10-31,Plato,Emile Chambry,Garnier,Paris,True,True,False,False,True,,,,Philosophy,Ancient Greek,,,,,,True,https://findingaids.princeton.edu/catalog/RBD1_c10099,
https://derridas-margins.princeton.edu/titles/215/,Book,Phaedrus,Phaedrus,Phèdre,-370,1961,,Plato,"Robin, Léon",Les Belles Lettres,Paris,True,True,False,False,True,,,,Philosophy,French;Ancient Greek,,,,,,True,https://findingaids.princeton.edu/catalog/RBD1_c10091,PZ5NIJ8F
https://derridas-margins.princeton.edu/titles/131/,Book,Omkring sprogteoriens grundlæggelse,Omkring sprogteoriens grundlæggelse,Prolegomena to a Theory of Language,,1963,1963,"Hjelmslev, Louis Trolle",,The University of Wisconsin Press,Madison,True,False,True,False,False,,,,Linguistics,English;Danish,,,,,,True,https://findingaids.princeton.edu/catalog/RBD1_c9652,GQKH6BFT
https://derridas-margins.princeton.edu/titles/132/,Book,Regulae ad directionem ingenii,Regulae ad directionem ingenii,"Règles pour la direction de l'esprit, Méditations, Objections et réponse",1701,,,"Descartes, René",,,,True,True,False,False,False,,,,Philosophy,French;Latin,,,,,,True,https://findingaids.princeton.edu/catalog/RBD1_c12862,
https://derridas-margins.princeton.edu/titles/61/,Book,Essai sur les hiéroglyphes,Essai sur les hiéroglyphes,The Divine legation of Moses,,1744,,"Warburton, William",Marc-Antoine Léonard de Malpeines,,,False,False,True,False,False,,,,,French,,,,,,False,,HS5J8SB6
